INSERT INTO clientes (nome, email) VALUES ('Ana Silva', 'ana.silva@exemplo.com');
INSERT INTO clientes (nome, email) VALUES ('Bruno Costa', 'bruno.costa@exemplo.com');
INSERT INTO clientes (nome, email) VALUES ('Carla Souza', 'carla.souza@exemplo.com');
INSERT INTO clientes (nome, email) VALUES ('Cliente 4', 'cliente4@exemplo.com');
INSERT INTO clientes (nome, email) VALUES ('Cliente 5', 'cliente5@exemplo.com');
INSERT INTO clientes (nome, email) VALUES ('Cliente 6', 'cliente6@exemplo.com');
INSERT INTO clientes (nome, email) VALUES ('Cliente 7', 'cliente7@exemplo.com');
INSERT INTO clientes (nome, email) VALUES ('Cliente 8', 'cliente8@exemplo.com');
INSERT INTO clientes (nome, email) VALUES ('Cliente 9', 'cliente9@exemplo.com');
INSERT INTO clientes (nome, email) VALUES ('Cliente 10', 'cliente10@exemplo.com');
INSERT INTO clientes (nome, email) VALUES ('Cliente 11', 'cliente11@exemplo.com');
INSERT INTO clientes (nome, email) VALUES ('Cliente 12', 'cliente12@exemplo.com');
INSERT INTO clientes (nome, email) VALUES ('Cliente 13', 'cliente13@exemplo.com');
INSERT INTO clientes (nome, email) VALUES ('Cliente 14', 'cliente14@exemplo.com');
INSERT INTO clientes (nome, email) VALUES ('Cliente 15', 'cliente15@exemplo.com');
INSERT INTO clientes (nome, email) VALUES ('Cliente 16', 'cliente16@exemplo.com');
INSERT INTO clientes (nome, email) VALUES ('Cliente 17', 'cliente17@exemplo.com');
INSERT INTO clientes (nome, email) VALUES ('Cliente 18', 'cliente18@exemplo.com');
INSERT INTO clientes (nome, email) VALUES ('Cliente 19', 'cliente19@exemplo.com');
INSERT INTO clientes (nome, email) VALUES ('Cliente 20', 'cliente20@exemplo.com');
INSERT INTO clientes (nome, email) VALUES ('Cliente 21', 'cliente21@exemplo.com');
INSERT INTO clientes (nome, email) VALUES ('Cliente 22', 'cliente22@exemplo.com');
INSERT INTO clientes (nome, email) VALUES ('Cliente 23', 'cliente23@exemplo.com');
INSERT INTO clientes (nome, email) VALUES ('Cliente 24', 'cliente24@exemplo.com');
INSERT INTO clientes (nome, email) VALUES ('Cliente 25', 'cliente25@exemplo.com');
INSERT INTO clientes (nome, email) VALUES ('Cliente 26', 'cliente26@exemplo.com');
INSERT INTO clientes (nome, email) VALUES ('Cliente 27', 'cliente27@exemplo.com');
INSERT INTO clientes (nome, email) VALUES ('Cliente 28', 'cliente28@exemplo.com');
INSERT INTO clientes (nome, email) VALUES ('Cliente 29', 'cliente29@exemplo.com');
INSERT INTO clientes (nome, email) VALUES ('Cliente 30', 'cliente30@exemplo.com');
INSERT INTO clientes (nome, email) VALUES ('Cliente 31', 'cliente31@exemplo.com');
INSERT INTO clientes (nome, email) VALUES ('Cliente 32', 'cliente32@exemplo.com');
INSERT INTO clientes (nome, email) VALUES ('Cliente 33', 'cliente33@exemplo.com');
INSERT INTO clientes (nome, email) VALUES ('Cliente 34', 'cliente34@exemplo.com');
INSERT INTO clientes (nome, email) VALUES ('Cliente 35', 'cliente35@exemplo.com');
INSERT INTO clientes (nome, email) VALUES ('Cliente 36', 'cliente36@exemplo.com');
INSERT INTO clientes (nome, email) VALUES ('Cliente 37', 'cliente37@exemplo.com');
INSERT INTO clientes (nome, email) VALUES ('Cliente 38', 'cliente38@exemplo.com');
INSERT INTO clientes (nome, email) VALUES ('Cliente 39', 'cliente39@exemplo.com');
INSERT INTO clientes (nome, email) VALUES ('Cliente 40', 'cliente40@exemplo.com');
INSERT INTO clientes (nome, email) VALUES ('Cliente 41', 'cliente41@exemplo.com');
INSERT INTO clientes (nome, email) VALUES ('Cliente 42', 'cliente42@exemplo.com');
INSERT INTO clientes (nome, email) VALUES ('Cliente 43', 'cliente43@exemplo.com');
INSERT INTO clientes (nome, email) VALUES ('Cliente 44', 'cliente44@exemplo.com');
INSERT INTO clientes (nome, email) VALUES ('Cliente 45', 'cliente45@exemplo.com');
INSERT INTO clientes (nome, email) VALUES ('Cliente 46', 'cliente46@exemplo.com');
INSERT INTO clientes (nome, email) VALUES ('Cliente 47', 'cliente47@exemplo.com');
INSERT INTO clientes (nome, email) VALUES ('Cliente 48', 'cliente48@exemplo.com');
INSERT INTO clientes (nome, email) VALUES ('Cliente 49', 'cliente49@exemplo.com');
INSERT INTO clientes (nome, email) VALUES ('Cliente 50', 'cliente50@exemplo.com');
INSERT INTO clientes (nome, email) VALUES ('Cliente 51', 'cliente51@exemplo.com');
INSERT INTO clientes (nome, email) VALUES ('Cliente 52', 'cliente52@exemplo.com');
INSERT INTO clientes (nome, email) VALUES ('Cliente 53', 'cliente53@exemplo.com');
INSERT INTO clientes (nome, email) VALUES ('Cliente 54', 'cliente54@exemplo.com');
INSERT INTO clientes (nome, email) VALUES ('Cliente 55', 'cliente55@exemplo.com');
INSERT INTO clientes (nome, email) VALUES ('Cliente 56', 'cliente56@exemplo.com');
INSERT INTO clientes (nome, email) VALUES ('Cliente 57', 'cliente57@exemplo.com');
INSERT INTO clientes (nome, email) VALUES ('Cliente 58', 'cliente58@exemplo.com');
INSERT INTO clientes (nome, email) VALUES ('Cliente 59', 'cliente59@exemplo.com');
INSERT INTO clientes (nome, email) VALUES ('Cliente 60', 'cliente60@exemplo.com');
INSERT INTO clientes (nome, email) VALUES ('Cliente 61', 'cliente61@exemplo.com');
INSERT INTO clientes (nome, email) VALUES ('Cliente 62', 'cliente62@exemplo.com');
INSERT INTO clientes (nome, email) VALUES ('Cliente 63', 'cliente63@exemplo.com');
INSERT INTO clientes (nome, email) VALUES ('Cliente 64', 'cliente64@exemplo.com');
INSERT INTO clientes (nome, email) VALUES ('Cliente 65', 'cliente65@exemplo.com');
INSERT INTO clientes (nome, email) VALUES ('Cliente 66', 'cliente66@exemplo.com');
INSERT INTO clientes (nome, email) VALUES ('Cliente 67', 'cliente67@exemplo.com');
INSERT INTO clientes (nome, email) VALUES ('Cliente 68', 'cliente68@exemplo.com');
INSERT INTO clientes (nome, email) VALUES ('Cliente 69', 'cliente69@exemplo.com');
INSERT INTO clientes (nome, email) VALUES ('Cliente 70', 'cliente70@exemplo.com');
INSERT INTO clientes (nome, email) VALUES ('Cliente 71', 'cliente71@exemplo.com');
INSERT INTO clientes (nome, email) VALUES ('Cliente 72', 'cliente72@exemplo.com');
INSERT INTO clientes (nome, email) VALUES ('Cliente 73', 'cliente73@exemplo.com');
INSERT INTO clientes (nome, email) VALUES ('Cliente 74', 'cliente74@exemplo.com');
INSERT INTO clientes (nome, email) VALUES ('Cliente 75', 'cliente75@exemplo.com');
INSERT INTO clientes (nome, email) VALUES ('Cliente 76', 'cliente76@exemplo.com');
INSERT INTO clientes (nome, email) VALUES ('Cliente 77', 'cliente77@exemplo.com');
INSERT INTO clientes (nome, email) VALUES ('Cliente 78', 'cliente78@exemplo.com');
INSERT INTO clientes (nome, email) VALUES ('Cliente 79', 'cliente79@exemplo.com');
INSERT INTO clientes (nome, email) VALUES ('Cliente 80', 'cliente80@exemplo.com');
INSERT INTO clientes (nome, email) VALUES ('Cliente 81', 'cliente81@exemplo.com');
INSERT INTO clientes (nome, email) VALUES ('Cliente 82', 'cliente82@exemplo.com');
INSERT INTO clientes (nome, email) VALUES ('Cliente 83', 'cliente83@exemplo.com');
INSERT INTO clientes (nome, email) VALUES ('Cliente 84', 'cliente84@exemplo.com');
INSERT INTO clientes (nome, email) VALUES ('Cliente 85', 'cliente85@exemplo.com');
INSERT INTO clientes (nome, email) VALUES ('Cliente 86', 'cliente86@exemplo.com');
INSERT INTO clientes (nome, email) VALUES ('Cliente 87', 'cliente87@exemplo.com');
INSERT INTO clientes (nome, email) VALUES ('Cliente 88', 'cliente88@exemplo.com');
INSERT INTO clientes (nome, email) VALUES ('Cliente 89', 'cliente89@exemplo.com');
INSERT INTO clientes (nome, email) VALUES ('Cliente 90', 'cliente90@exemplo.com');
INSERT INTO clientes (nome, email) VALUES ('Cliente 91', 'cliente91@exemplo.com');
INSERT INTO clientes (nome, email) VALUES ('Cliente 92', 'cliente92@exemplo.com');
INSERT INTO clientes (nome, email) VALUES ('Cliente 93', 'cliente93@exemplo.com');
INSERT INTO clientes (nome, email) VALUES ('Cliente 94', 'cliente94@exemplo.com');
INSERT INTO clientes (nome, email) VALUES ('Cliente 95', 'cliente95@exemplo.com');
INSERT INTO clientes (nome, email) VALUES ('Cliente 96', 'cliente96@exemplo.com');
INSERT INTO clientes (nome, email) VALUES ('Cliente 97', 'cliente97@exemplo.com');
INSERT INTO clientes (nome, email) VALUES ('Cliente 98', 'cliente98@exemplo.com');
INSERT INTO clientes (nome, email) VALUES ('Cliente 99', 'cliente99@exemplo.com');
INSERT INTO clientes (nome, email) VALUES ('Cliente 100', 'cliente100@exemplo.com');

INSERT INTO produtos (nome, descricao, preco) VALUES ('Notebook', 'Notebook de alta performance', 4500.00);
INSERT INTO produtos (nome, descricao, preco) VALUES ('Mouse', 'Mouse sem fio', 120.00);
INSERT INTO produtos (nome, descricao, preco) VALUES ('Monitor', 'Monitor ultrawide', 1899.90);
INSERT INTO produtos (nome, descricao, preco) VALUES ('Produto 4', 'Descricao do produto 4', 79.40);
INSERT INTO produtos (nome, descricao, preco) VALUES ('Produto 5', 'Descricao do produto 5', 86.75);
INSERT INTO produtos (nome, descricao, preco) VALUES ('Produto 6', 'Descricao do produto 6', 94.10);
INSERT INTO produtos (nome, descricao, preco) VALUES ('Produto 7', 'Descricao do produto 7', 101.45);
INSERT INTO produtos (nome, descricao, preco) VALUES ('Produto 8', 'Descricao do produto 8', 108.80);
INSERT INTO produtos (nome, descricao, preco) VALUES ('Produto 9', 'Descricao do produto 9', 116.15);
INSERT INTO produtos (nome, descricao, preco) VALUES ('Produto 10', 'Descricao do produto 10', 123.50);
INSERT INTO produtos (nome, descricao, preco) VALUES ('Produto 11', 'Descricao do produto 11', 130.85);
INSERT INTO produtos (nome, descricao, preco) VALUES ('Produto 12', 'Descricao do produto 12', 138.20);
INSERT INTO produtos (nome, descricao, preco) VALUES ('Produto 13', 'Descricao do produto 13', 145.55);
INSERT INTO produtos (nome, descricao, preco) VALUES ('Produto 14', 'Descricao do produto 14', 152.90);
INSERT INTO produtos (nome, descricao, preco) VALUES ('Produto 15', 'Descricao do produto 15', 160.25);
INSERT INTO produtos (nome, descricao, preco) VALUES ('Produto 16', 'Descricao do produto 16', 167.60);
INSERT INTO produtos (nome, descricao, preco) VALUES ('Produto 17', 'Descricao do produto 17', 174.95);
INSERT INTO produtos (nome, descricao, preco) VALUES ('Produto 18', 'Descricao do produto 18', 182.30);
INSERT INTO produtos (nome, descricao, preco) VALUES ('Produto 19', 'Descricao do produto 19', 189.65);
INSERT INTO produtos (nome, descricao, preco) VALUES ('Produto 20', 'Descricao do produto 20', 197.00);
INSERT INTO produtos (nome, descricao, preco) VALUES ('Produto 21', 'Descricao do produto 21', 204.35);
INSERT INTO produtos (nome, descricao, preco) VALUES ('Produto 22', 'Descricao do produto 22', 211.70);
INSERT INTO produtos (nome, descricao, preco) VALUES ('Produto 23', 'Descricao do produto 23', 219.05);
INSERT INTO produtos (nome, descricao, preco) VALUES ('Produto 24', 'Descricao do produto 24', 226.40);
INSERT INTO produtos (nome, descricao, preco) VALUES ('Produto 25', 'Descricao do produto 25', 233.75);
INSERT INTO produtos (nome, descricao, preco) VALUES ('Produto 26', 'Descricao do produto 26', 241.10);
INSERT INTO produtos (nome, descricao, preco) VALUES ('Produto 27', 'Descricao do produto 27', 248.45);
INSERT INTO produtos (nome, descricao, preco) VALUES ('Produto 28', 'Descricao do produto 28', 255.80);
INSERT INTO produtos (nome, descricao, preco) VALUES ('Produto 29', 'Descricao do produto 29', 263.15);
INSERT INTO produtos (nome, descricao, preco) VALUES ('Produto 30', 'Descricao do produto 30', 270.50);
INSERT INTO produtos (nome, descricao, preco) VALUES ('Produto 31', 'Descricao do produto 31', 277.85);
INSERT INTO produtos (nome, descricao, preco) VALUES ('Produto 32', 'Descricao do produto 32', 285.20);
INSERT INTO produtos (nome, descricao, preco) VALUES ('Produto 33', 'Descricao do produto 33', 292.55);
INSERT INTO produtos (nome, descricao, preco) VALUES ('Produto 34', 'Descricao do produto 34', 299.90);
INSERT INTO produtos (nome, descricao, preco) VALUES ('Produto 35', 'Descricao do produto 35', 307.25);
INSERT INTO produtos (nome, descricao, preco) VALUES ('Produto 36', 'Descricao do produto 36', 314.60);
INSERT INTO produtos (nome, descricao, preco) VALUES ('Produto 37', 'Descricao do produto 37', 321.95);
INSERT INTO produtos (nome, descricao, preco) VALUES ('Produto 38', 'Descricao do produto 38', 329.30);
INSERT INTO produtos (nome, descricao, preco) VALUES ('Produto 39', 'Descricao do produto 39', 336.65);
INSERT INTO produtos (nome, descricao, preco) VALUES ('Produto 40', 'Descricao do produto 40', 344.00);
INSERT INTO produtos (nome, descricao, preco) VALUES ('Produto 41', 'Descricao do produto 41', 351.35);
INSERT INTO produtos (nome, descricao, preco) VALUES ('Produto 42', 'Descricao do produto 42', 358.70);
INSERT INTO produtos (nome, descricao, preco) VALUES ('Produto 43', 'Descricao do produto 43', 366.05);
INSERT INTO produtos (nome, descricao, preco) VALUES ('Produto 44', 'Descricao do produto 44', 373.40);
INSERT INTO produtos (nome, descricao, preco) VALUES ('Produto 45', 'Descricao do produto 45', 380.75);
INSERT INTO produtos (nome, descricao, preco) VALUES ('Produto 46', 'Descricao do produto 46', 388.10);
INSERT INTO produtos (nome, descricao, preco) VALUES ('Produto 47', 'Descricao do produto 47', 395.45);
INSERT INTO produtos (nome, descricao, preco) VALUES ('Produto 48', 'Descricao do produto 48', 402.80);
INSERT INTO produtos (nome, descricao, preco) VALUES ('Produto 49', 'Descricao do produto 49', 410.15);
INSERT INTO produtos (nome, descricao, preco) VALUES ('Produto 50', 'Descricao do produto 50', 417.50);
INSERT INTO produtos (nome, descricao, preco) VALUES ('Produto 51', 'Descricao do produto 51', 424.85);
INSERT INTO produtos (nome, descricao, preco) VALUES ('Produto 52', 'Descricao do produto 52', 432.20);
INSERT INTO produtos (nome, descricao, preco) VALUES ('Produto 53', 'Descricao do produto 53', 439.55);
INSERT INTO produtos (nome, descricao, preco) VALUES ('Produto 54', 'Descricao do produto 54', 446.90);
INSERT INTO produtos (nome, descricao, preco) VALUES ('Produto 55', 'Descricao do produto 55', 454.25);
INSERT INTO produtos (nome, descricao, preco) VALUES ('Produto 56', 'Descricao do produto 56', 461.60);
INSERT INTO produtos (nome, descricao, preco) VALUES ('Produto 57', 'Descricao do produto 57', 468.95);
INSERT INTO produtos (nome, descricao, preco) VALUES ('Produto 58', 'Descricao do produto 58', 476.30);
INSERT INTO produtos (nome, descricao, preco) VALUES ('Produto 59', 'Descricao do produto 59', 483.65);
INSERT INTO produtos (nome, descricao, preco) VALUES ('Produto 60', 'Descricao do produto 60', 491.00);
INSERT INTO produtos (nome, descricao, preco) VALUES ('Produto 61', 'Descricao do produto 61', 498.35);
INSERT INTO produtos (nome, descricao, preco) VALUES ('Produto 62', 'Descricao do produto 62', 505.70);
INSERT INTO produtos (nome, descricao, preco) VALUES ('Produto 63', 'Descricao do produto 63', 513.05);
INSERT INTO produtos (nome, descricao, preco) VALUES ('Produto 64', 'Descricao do produto 64', 520.40);
INSERT INTO produtos (nome, descricao, preco) VALUES ('Produto 65', 'Descricao do produto 65', 527.75);
INSERT INTO produtos (nome, descricao, preco) VALUES ('Produto 66', 'Descricao do produto 66', 535.10);
INSERT INTO produtos (nome, descricao, preco) VALUES ('Produto 67', 'Descricao do produto 67', 542.45);
INSERT INTO produtos (nome, descricao, preco) VALUES ('Produto 68', 'Descricao do produto 68', 549.80);
INSERT INTO produtos (nome, descricao, preco) VALUES ('Produto 69', 'Descricao do produto 69', 557.15);
INSERT INTO produtos (nome, descricao, preco) VALUES ('Produto 70', 'Descricao do produto 70', 564.50);
INSERT INTO produtos (nome, descricao, preco) VALUES ('Produto 71', 'Descricao do produto 71', 571.85);
INSERT INTO produtos (nome, descricao, preco) VALUES ('Produto 72', 'Descricao do produto 72', 579.20);
INSERT INTO produtos (nome, descricao, preco) VALUES ('Produto 73', 'Descricao do produto 73', 586.55);
INSERT INTO produtos (nome, descricao, preco) VALUES ('Produto 74', 'Descricao do produto 74', 593.90);
INSERT INTO produtos (nome, descricao, preco) VALUES ('Produto 75', 'Descricao do produto 75', 601.25);
INSERT INTO produtos (nome, descricao, preco) VALUES ('Produto 76', 'Descricao do produto 76', 608.60);
INSERT INTO produtos (nome, descricao, preco) VALUES ('Produto 77', 'Descricao do produto 77', 615.95);
INSERT INTO produtos (nome, descricao, preco) VALUES ('Produto 78', 'Descricao do produto 78', 623.30);
INSERT INTO produtos (nome, descricao, preco) VALUES ('Produto 79', 'Descricao do produto 79', 630.65);
INSERT INTO produtos (nome, descricao, preco) VALUES ('Produto 80', 'Descricao do produto 80', 638.00);
INSERT INTO produtos (nome, descricao, preco) VALUES ('Produto 81', 'Descricao do produto 81', 645.35);
INSERT INTO produtos (nome, descricao, preco) VALUES ('Produto 82', 'Descricao do produto 82', 652.70);
INSERT INTO produtos (nome, descricao, preco) VALUES ('Produto 83', 'Descricao do produto 83', 660.05);
INSERT INTO produtos (nome, descricao, preco) VALUES ('Produto 84', 'Descricao do produto 84', 667.40);
INSERT INTO produtos (nome, descricao, preco) VALUES ('Produto 85', 'Descricao do produto 85', 674.75);
INSERT INTO produtos (nome, descricao, preco) VALUES ('Produto 86', 'Descricao do produto 86', 682.10);
INSERT INTO produtos (nome, descricao, preco) VALUES ('Produto 87', 'Descricao do produto 87', 689.45);
INSERT INTO produtos (nome, descricao, preco) VALUES ('Produto 88', 'Descricao do produto 88', 696.80);
INSERT INTO produtos (nome, descricao, preco) VALUES ('Produto 89', 'Descricao do produto 89', 704.15);
INSERT INTO produtos (nome, descricao, preco) VALUES ('Produto 90', 'Descricao do produto 90', 711.50);
INSERT INTO produtos (nome, descricao, preco) VALUES ('Produto 91', 'Descricao do produto 91', 718.85);
INSERT INTO produtos (nome, descricao, preco) VALUES ('Produto 92', 'Descricao do produto 92', 726.20);
INSERT INTO produtos (nome, descricao, preco) VALUES ('Produto 93', 'Descricao do produto 93', 733.55);
INSERT INTO produtos (nome, descricao, preco) VALUES ('Produto 94', 'Descricao do produto 94', 740.90);
INSERT INTO produtos (nome, descricao, preco) VALUES ('Produto 95', 'Descricao do produto 95', 748.25);
INSERT INTO produtos (nome, descricao, preco) VALUES ('Produto 96', 'Descricao do produto 96', 755.60);
INSERT INTO produtos (nome, descricao, preco) VALUES ('Produto 97', 'Descricao do produto 97', 762.95);
INSERT INTO produtos (nome, descricao, preco) VALUES ('Produto 98', 'Descricao do produto 98', 770.30);
INSERT INTO produtos (nome, descricao, preco) VALUES ('Produto 99', 'Descricao do produto 99', 777.65);
INSERT INTO produtos (nome, descricao, preco) VALUES ('Produto 100', 'Descricao do produto 100', 785.00);

INSERT INTO pedidos (cliente_id, status, total, data_criacao) VALUES (1, 'CRIADO', 6927.75, '2026-03-25 10:00:00');
INSERT INTO pedidos (cliente_id, status, total, data_criacao) VALUES (3, 'PAGO', 5167.50, '2026-03-26 10:00:00');
INSERT INTO pedidos (cliente_id, status, total, data_criacao) VALUES (4, 'ENVIADO', 4658.40, '2026-03-27 10:00:00');
INSERT INTO pedidos (cliente_id, status, total, data_criacao) VALUES (5, 'FINALIZADO', 5527.65, '2026-03-28 10:00:00');
INSERT INTO pedidos (cliente_id, status, total, data_criacao) VALUES (6, 'CRIADO', 3103.95, '2026-03-29 10:00:00');
INSERT INTO pedidos (cliente_id, status, total, data_criacao) VALUES (7, 'PAGO', 10395.15, '2026-03-30 10:00:00');
INSERT INTO pedidos (cliente_id, status, total, data_criacao) VALUES (8, 'CANCELADO', 3705.20, '2026-03-31 10:00:00');
INSERT INTO pedidos (cliente_id, status, total, data_criacao) VALUES (9, 'ENVIADO', 10440.70, '2026-04-01 10:00:00');
INSERT INTO pedidos (cliente_id, status, total, data_criacao) VALUES (10, 'FINALIZADO', 4131.50, '2026-04-02 10:00:00');
INSERT INTO pedidos (cliente_id, status, total, data_criacao) VALUES (11, 'CRIADO', 10727.35, '2026-04-03 10:00:00');

INSERT INTO itens_pedido (pedido_id, produto_id, quantidade, preco_unitario, subtotal) VALUES (1, 1, 1, 4500.00, 4500.00);
INSERT INTO itens_pedido (pedido_id, produto_id, quantidade, preco_unitario, subtotal) VALUES (1, 3, 1, 1899.90, 1899.90);
INSERT INTO itens_pedido (pedido_id, produto_id, quantidade, preco_unitario, subtotal) VALUES (1, 4, 2, 79.40, 158.80);
INSERT INTO itens_pedido (pedido_id, produto_id, quantidade, preco_unitario, subtotal) VALUES (1, 5, 1, 86.75, 86.75);
INSERT INTO itens_pedido (pedido_id, produto_id, quantidade, preco_unitario, subtotal) VALUES (1, 6, 3, 94.10, 282.30);
INSERT INTO itens_pedido (pedido_id, produto_id, quantidade, preco_unitario, subtotal) VALUES (2, 1, 1, 4500.00, 4500.00);
INSERT INTO itens_pedido (pedido_id, produto_id, quantidade, preco_unitario, subtotal) VALUES (2, 7, 2, 101.45, 202.90);
INSERT INTO itens_pedido (pedido_id, produto_id, quantidade, preco_unitario, subtotal) VALUES (2, 8, 1, 108.80, 108.80);
INSERT INTO itens_pedido (pedido_id, produto_id, quantidade, preco_unitario, subtotal) VALUES (2, 9, 2, 116.15, 232.30);
INSERT INTO itens_pedido (pedido_id, produto_id, quantidade, preco_unitario, subtotal) VALUES (2, 10, 1, 123.50, 123.50);
INSERT INTO itens_pedido (pedido_id, produto_id, quantidade, preco_unitario, subtotal) VALUES (3, 3, 2, 1899.90, 3799.80);
INSERT INTO itens_pedido (pedido_id, produto_id, quantidade, preco_unitario, subtotal) VALUES (3, 11, 1, 130.85, 130.85);
INSERT INTO itens_pedido (pedido_id, produto_id, quantidade, preco_unitario, subtotal) VALUES (3, 12, 1, 138.20, 138.20);
INSERT INTO itens_pedido (pedido_id, produto_id, quantidade, preco_unitario, subtotal) VALUES (3, 13, 3, 145.55, 436.65);
INSERT INTO itens_pedido (pedido_id, produto_id, quantidade, preco_unitario, subtotal) VALUES (3, 14, 1, 152.90, 152.90);
INSERT INTO itens_pedido (pedido_id, produto_id, quantidade, preco_unitario, subtotal) VALUES (4, 1, 1, 4500.00, 4500.00);
INSERT INTO itens_pedido (pedido_id, produto_id, quantidade, preco_unitario, subtotal) VALUES (4, 15, 1, 160.25, 160.25);
INSERT INTO itens_pedido (pedido_id, produto_id, quantidade, preco_unitario, subtotal) VALUES (4, 16, 2, 167.60, 335.20);
INSERT INTO itens_pedido (pedido_id, produto_id, quantidade, preco_unitario, subtotal) VALUES (4, 17, 2, 174.95, 349.90);
INSERT INTO itens_pedido (pedido_id, produto_id, quantidade, preco_unitario, subtotal) VALUES (4, 18, 1, 182.30, 182.30);
INSERT INTO itens_pedido (pedido_id, produto_id, quantidade, preco_unitario, subtotal) VALUES (5, 3, 1, 1899.90, 1899.90);
INSERT INTO itens_pedido (pedido_id, produto_id, quantidade, preco_unitario, subtotal) VALUES (5, 19, 2, 189.65, 379.30);
INSERT INTO itens_pedido (pedido_id, produto_id, quantidade, preco_unitario, subtotal) VALUES (5, 20, 1, 197.00, 197.00);
INSERT INTO itens_pedido (pedido_id, produto_id, quantidade, preco_unitario, subtotal) VALUES (5, 21, 1, 204.35, 204.35);
INSERT INTO itens_pedido (pedido_id, produto_id, quantidade, preco_unitario, subtotal) VALUES (5, 22, 2, 211.70, 423.40);
INSERT INTO itens_pedido (pedido_id, produto_id, quantidade, preco_unitario, subtotal) VALUES (6, 1, 2, 4500.00, 9000.00);
INSERT INTO itens_pedido (pedido_id, produto_id, quantidade, preco_unitario, subtotal) VALUES (6, 23, 1, 219.05, 219.05);
INSERT INTO itens_pedido (pedido_id, produto_id, quantidade, preco_unitario, subtotal) VALUES (6, 24, 1, 226.40, 226.40);
INSERT INTO itens_pedido (pedido_id, produto_id, quantidade, preco_unitario, subtotal) VALUES (6, 25, 2, 233.75, 467.50);
INSERT INTO itens_pedido (pedido_id, produto_id, quantidade, preco_unitario, subtotal) VALUES (6, 26, 2, 241.10, 482.20);
INSERT INTO itens_pedido (pedido_id, produto_id, quantidade, preco_unitario, subtotal) VALUES (7, 3, 1, 1899.90, 1899.90);
INSERT INTO itens_pedido (pedido_id, produto_id, quantidade, preco_unitario, subtotal) VALUES (7, 27, 3, 248.45, 745.35);
INSERT INTO itens_pedido (pedido_id, produto_id, quantidade, preco_unitario, subtotal) VALUES (7, 28, 1, 255.80, 255.80);
INSERT INTO itens_pedido (pedido_id, produto_id, quantidade, preco_unitario, subtotal) VALUES (7, 29, 1, 263.15, 263.15);
INSERT INTO itens_pedido (pedido_id, produto_id, quantidade, preco_unitario, subtotal) VALUES (7, 30, 2, 270.50, 541.00);
INSERT INTO itens_pedido (pedido_id, produto_id, quantidade, preco_unitario, subtotal) VALUES (8, 1, 2, 4500.00, 9000.00);
INSERT INTO itens_pedido (pedido_id, produto_id, quantidade, preco_unitario, subtotal) VALUES (8, 31, 1, 277.85, 277.85);
INSERT INTO itens_pedido (pedido_id, produto_id, quantidade, preco_unitario, subtotal) VALUES (8, 32, 2, 285.20, 570.40);
INSERT INTO itens_pedido (pedido_id, produto_id, quantidade, preco_unitario, subtotal) VALUES (8, 33, 1, 292.55, 292.55);
INSERT INTO itens_pedido (pedido_id, produto_id, quantidade, preco_unitario, subtotal) VALUES (8, 34, 1, 299.90, 299.90);
INSERT INTO itens_pedido (pedido_id, produto_id, quantidade, preco_unitario, subtotal) VALUES (9, 3, 1, 1899.90, 1899.90);
INSERT INTO itens_pedido (pedido_id, produto_id, quantidade, preco_unitario, subtotal) VALUES (9, 35, 1, 307.25, 307.25);
INSERT INTO itens_pedido (pedido_id, produto_id, quantidade, preco_unitario, subtotal) VALUES (9, 36, 3, 314.60, 943.80);
INSERT INTO itens_pedido (pedido_id, produto_id, quantidade, preco_unitario, subtotal) VALUES (9, 37, 1, 321.95, 321.95);
INSERT INTO itens_pedido (pedido_id, produto_id, quantidade, preco_unitario, subtotal) VALUES (9, 38, 2, 329.30, 658.60);
INSERT INTO itens_pedido (pedido_id, produto_id, quantidade, preco_unitario, subtotal) VALUES (10, 1, 2, 4500.00, 9000.00);
INSERT INTO itens_pedido (pedido_id, produto_id, quantidade, preco_unitario, subtotal) VALUES (10, 39, 2, 336.65, 673.30);
INSERT INTO itens_pedido (pedido_id, produto_id, quantidade, preco_unitario, subtotal) VALUES (10, 40, 1, 344.00, 344.00);
INSERT INTO itens_pedido (pedido_id, produto_id, quantidade, preco_unitario, subtotal) VALUES (10, 41, 1, 351.35, 351.35);
INSERT INTO itens_pedido (pedido_id, produto_id, quantidade, preco_unitario, subtotal) VALUES (10, 42, 1, 358.70, 358.70);
